{"cameraMode":{"drawMode":0,"name":"Shaded","section":"Shading Mode"},"sceneLighting":false,"audioPlay":false,"sceneViewState":{"showFog":true,"showMaterialUpdate":false,"showSkybox":false,"showFlares":true,"showImageEffects":true,"showParticleSystems":true},"in2DMode":false,"pivot":{"x":0.3747558295726776,"y":1.294791340827942,"z":1.3365814685821534},"rotation":{"x":-0.00011061297118430957,"y":0.9997991323471069,"z":0.00569089176133275,"w":0.01948227733373642},"size":0.918465793132782,"orthographic":false}